/*
 Navicat Premium Data Transfer

 Source Server         : 127.0.0.1 (localhost)
 Source Server Type    : MySQL
 Source Server Version : 50724
 Source Host           : localhost:3306
 Source Schema         : pawer-ant

 Target Server Type    : MySQL
 Target Server Version : 50724
 File Encoding         : 65001

 Date: 02/08/2023 12:43:05
*/

SET NAMES utf8mb4;
SET FOREIGN_KEY_CHECKS = 0;

-- ----------------------------
-- Table structure for categories
-- ----------------------------
DROP TABLE IF EXISTS `categories`;
CREATE TABLE `categories`  (
  `id` int(10) UNSIGNED NOT NULL AUTO_INCREMENT,
  `parent_id` int(10) UNSIGNED NULL DEFAULT NULL,
  `order` int(11) NOT NULL DEFAULT 1,
  `name` varchar(255) CHARACTER SET utf8mb4 COLLATE utf8mb4_unicode_ci NOT NULL,
  `slug` varchar(255) CHARACTER SET utf8mb4 COLLATE utf8mb4_unicode_ci NOT NULL,
  `created_at` timestamp(0) NULL DEFAULT NULL,
  `updated_at` timestamp(0) NULL DEFAULT NULL,
  `deleted_at` timestamp(0) NULL DEFAULT NULL,
  PRIMARY KEY (`id`) USING BTREE,
  INDEX `categories_parent_id_foreign`(`parent_id`) USING BTREE,
  INDEX `categories_name_index`(`name`) USING BTREE,
  INDEX `categories_slug_index`(`slug`) USING BTREE,
  CONSTRAINT `categories_parent_id_foreign` FOREIGN KEY (`parent_id`) REFERENCES `categories` (`id`) ON DELETE SET NULL ON UPDATE CASCADE
) ENGINE = InnoDB AUTO_INCREMENT = 3 CHARACTER SET = utf8mb4 COLLATE = utf8mb4_unicode_ci ROW_FORMAT = Dynamic;

-- ----------------------------
-- Records of categories
-- ----------------------------
INSERT INTO `categories` VALUES (1, NULL, 1, 'มือถือ', 'มือถือ', '2023-08-02 05:16:07', '2023-08-02 05:16:07', NULL);
INSERT INTO `categories` VALUES (2, 1, 1, 'Iphone', 'iphone', '2023-08-02 05:16:34', '2023-08-02 05:16:34', NULL);

-- ----------------------------
-- Table structure for data_rows
-- ----------------------------
DROP TABLE IF EXISTS `data_rows`;
CREATE TABLE `data_rows`  (
  `id` int(10) UNSIGNED NOT NULL AUTO_INCREMENT,
  `data_type_id` int(10) UNSIGNED NOT NULL,
  `field` varchar(255) CHARACTER SET utf8mb4 COLLATE utf8mb4_unicode_ci NOT NULL,
  `type` varchar(255) CHARACTER SET utf8mb4 COLLATE utf8mb4_unicode_ci NOT NULL,
  `display_name` varchar(255) CHARACTER SET utf8mb4 COLLATE utf8mb4_unicode_ci NOT NULL,
  `required` tinyint(1) NOT NULL DEFAULT 0,
  `browse` tinyint(1) NOT NULL DEFAULT 1,
  `read` tinyint(1) NOT NULL DEFAULT 1,
  `edit` tinyint(1) NOT NULL DEFAULT 1,
  `add` tinyint(1) NOT NULL DEFAULT 1,
  `delete` tinyint(1) NOT NULL DEFAULT 1,
  `details` text CHARACTER SET utf8mb4 COLLATE utf8mb4_unicode_ci NULL,
  `order` int(11) NOT NULL DEFAULT 1,
  PRIMARY KEY (`id`) USING BTREE,
  INDEX `data_rows_data_type_id_foreign`(`data_type_id`) USING BTREE,
  CONSTRAINT `data_rows_data_type_id_foreign` FOREIGN KEY (`data_type_id`) REFERENCES `data_types` (`id`) ON DELETE CASCADE ON UPDATE CASCADE
) ENGINE = InnoDB AUTO_INCREMENT = 49 CHARACTER SET = utf8mb4 COLLATE = utf8mb4_unicode_ci ROW_FORMAT = Dynamic;

-- ----------------------------
-- Records of data_rows
-- ----------------------------
INSERT INTO `data_rows` VALUES (1, 1, 'id', 'number', 'ID', 1, 0, 0, 0, 0, 0, NULL, 1);
INSERT INTO `data_rows` VALUES (2, 1, 'name', 'text', 'Name', 1, 1, 1, 1, 1, 1, NULL, 2);
INSERT INTO `data_rows` VALUES (3, 1, 'email', 'text', 'Email', 1, 1, 1, 1, 1, 1, NULL, 3);
INSERT INTO `data_rows` VALUES (4, 1, 'password', 'password', 'Password', 1, 0, 0, 1, 1, 0, NULL, 4);
INSERT INTO `data_rows` VALUES (5, 1, 'remember_token', 'text', 'Remember Token', 0, 0, 0, 0, 0, 0, NULL, 5);
INSERT INTO `data_rows` VALUES (6, 1, 'created_at', 'timestamp', 'Created At', 0, 1, 1, 0, 0, 0, NULL, 6);
INSERT INTO `data_rows` VALUES (7, 1, 'updated_at', 'timestamp', 'Updated At', 0, 0, 0, 0, 0, 0, NULL, 7);
INSERT INTO `data_rows` VALUES (8, 1, 'avatar', 'image', 'Avatar', 0, 1, 1, 1, 1, 1, NULL, 8);
INSERT INTO `data_rows` VALUES (9, 1, 'user_belongsto_role_relationship', 'relationship', 'Role', 0, 1, 1, 1, 1, 0, '{\"model\":\"TCG\\\\Voyager\\\\Models\\\\Role\",\"table\":\"roles\",\"type\":\"belongsTo\",\"column\":\"role_id\",\"key\":\"id\",\"label\":\"display_name\",\"pivot_table\":\"roles\",\"pivot\":0}', 10);
INSERT INTO `data_rows` VALUES (10, 1, 'user_belongstomany_role_relationship', 'relationship', 'Roles', 0, 1, 1, 1, 1, 0, '{\"model\":\"TCG\\\\Voyager\\\\Models\\\\Role\",\"table\":\"roles\",\"type\":\"belongsToMany\",\"column\":\"id\",\"key\":\"id\",\"label\":\"display_name\",\"pivot_table\":\"user_roles\",\"pivot\":\"1\",\"taggable\":\"0\"}', 11);
INSERT INTO `data_rows` VALUES (11, 1, 'settings', 'hidden', 'Settings', 0, 0, 0, 0, 0, 0, NULL, 12);
INSERT INTO `data_rows` VALUES (12, 2, 'id', 'number', 'ID', 1, 0, 0, 0, 0, 0, NULL, 1);
INSERT INTO `data_rows` VALUES (13, 2, 'name', 'text', 'Name', 1, 1, 1, 1, 1, 1, NULL, 2);
INSERT INTO `data_rows` VALUES (14, 2, 'created_at', 'timestamp', 'Created At', 0, 0, 0, 0, 0, 0, NULL, 3);
INSERT INTO `data_rows` VALUES (15, 2, 'updated_at', 'timestamp', 'Updated At', 0, 0, 0, 0, 0, 0, NULL, 4);
INSERT INTO `data_rows` VALUES (16, 3, 'id', 'number', 'ID', 1, 0, 0, 0, 0, 0, NULL, 1);
INSERT INTO `data_rows` VALUES (17, 3, 'name', 'text', 'Name', 1, 1, 1, 1, 1, 1, NULL, 2);
INSERT INTO `data_rows` VALUES (18, 3, 'created_at', 'timestamp', 'Created At', 0, 0, 0, 0, 0, 0, NULL, 3);
INSERT INTO `data_rows` VALUES (19, 3, 'updated_at', 'timestamp', 'Updated At', 0, 0, 0, 0, 0, 0, NULL, 4);
INSERT INTO `data_rows` VALUES (20, 3, 'display_name', 'text', 'Display Name', 1, 1, 1, 1, 1, 1, NULL, 5);
INSERT INTO `data_rows` VALUES (21, 1, 'role_id', 'text', 'Role', 1, 1, 1, 1, 1, 1, NULL, 9);
INSERT INTO `data_rows` VALUES (22, 4, 'id', 'text', 'Id', 1, 0, 0, 0, 0, 0, '{}', 1);
INSERT INTO `data_rows` VALUES (23, 4, 'parent_id', 'select_dropdown', 'Parent Id', 0, 0, 1, 1, 1, 1, '{\"default\":\"\",\"null\":\"\",\"options\":{\"\":\"-- None --\"},\"relationship\":{\"key\":\"id\",\"label\":\"name\"}}', 3);
INSERT INTO `data_rows` VALUES (24, 4, 'order', 'text', 'Order', 1, 0, 0, 0, 0, 0, '{}', 4);
INSERT INTO `data_rows` VALUES (25, 4, 'name', 'text', 'Name', 1, 1, 1, 1, 1, 1, '{\"validation\":{\"rule\":\"required|unique:categories,name\",\"edit\":{\"rule\":\"unique:categories,name,:id\"},\"add\":{\"rule\":\"required|unique:categories,name\"},\"messages\":{\"required\":\"This :attribute field is a must.\",\"unique\":\"This :attribute unique\"}},\"display\":{\"id\":\"title_page\"}}', 5);
INSERT INTO `data_rows` VALUES (26, 4, 'slug', 'slug', 'Slug', 1, 1, 1, 1, 1, 1, '{\"validation\":{\"rule\":\"required|unique:categories,name\",\"edit\":{\"rule\":\"unique:categories,name,:id\"},\"add\":{\"rule\":\"required|unique:categories,name\"},\"messages\":{\"required\":\"This :attribute field is a must.\",\"unique\":\"This :attribute unique\"}},\"slugify\":{\"origin\":\"name\"}}', 6);
INSERT INTO `data_rows` VALUES (27, 4, 'created_at', 'timestamp', 'Created At', 0, 1, 0, 0, 0, 0, '{}', 7);
INSERT INTO `data_rows` VALUES (28, 4, 'updated_at', 'timestamp', 'Updated At', 0, 0, 0, 0, 0, 0, '{}', 8);
INSERT INTO `data_rows` VALUES (29, 4, 'deleted_at', 'timestamp', 'Deleted At', 0, 0, 0, 0, 0, 0, '{}', 9);
INSERT INTO `data_rows` VALUES (30, 4, 'category_belongsto_category_relationship', 'relationship', 'Categories', 0, 1, 1, 1, 1, 1, '{\"model\":\"App\\\\Models\\\\Category\",\"table\":\"categories\",\"type\":\"belongsTo\",\"column\":\"parent_id\",\"key\":\"id\",\"label\":\"name\",\"pivot_table\":\"categories\",\"pivot\":\"0\",\"taggable\":\"0\"}', 2);
INSERT INTO `data_rows` VALUES (31, 5, 'id', 'text', 'Id', 1, 0, 0, 0, 0, 0, '{}', 1);
INSERT INTO `data_rows` VALUES (32, 5, 'name', 'text', 'Name', 1, 1, 1, 1, 1, 1, '{\"validation\":{\"rule\":\"required|unique:products,name\",\"edit\":{\"rule\":\"unique:products,name,:id\"},\"add\":{\"rule\":\"required|unique:products,name\"},\"messages\":{\"required\":\"This :attribute field is a must.\",\"unique\":\"This :attribute unique\"}},\"display\":{\"id\":\"title_page\"}}', 2);
INSERT INTO `data_rows` VALUES (33, 5, 'slug', 'text', 'Slug', 1, 0, 1, 1, 1, 1, '{\"validation\":{\"rule\":\"required|unique:products,name\",\"edit\":{\"rule\":\"unique:products,name,:id\"},\"add\":{\"rule\":\"required|unique:products,name\"},\"messages\":{\"required\":\"This :attribute field is a must.\",\"unique\":\"This :attribute unique\"}},\"slugify\":{\"origin\":\"name\"}}', 3);
INSERT INTO `data_rows` VALUES (34, 5, 'seo_title', 'text', 'Seo Title', 1, 0, 1, 1, 1, 1, '{}', 4);
INSERT INTO `data_rows` VALUES (35, 5, 'meta_description', 'text_area', 'Meta Description', 0, 0, 1, 1, 1, 1, '{}', 5);
INSERT INTO `data_rows` VALUES (36, 5, 'meta_keyword', 'text_area', 'Meta Keyword', 0, 0, 1, 1, 1, 1, '{}', 6);
INSERT INTO `data_rows` VALUES (37, 5, 'category_id', 'text', 'Category Id', 0, 0, 1, 1, 1, 1, '{}', 7);
INSERT INTO `data_rows` VALUES (38, 5, 'price', 'number', 'Price', 0, 1, 1, 1, 1, 1, '{}', 8);
INSERT INTO `data_rows` VALUES (39, 5, 'sell_amount', 'number', 'Sell Amount', 0, 0, 1, 1, 1, 1, '{}', 9);
INSERT INTO `data_rows` VALUES (40, 5, 'is_recommended', 'checkbox', 'Is Recommended', 1, 1, 1, 1, 1, 1, '{\"on\":\"Recmmend\",\"off\":\"No Recmmend\",\"checked\":true}', 10);
INSERT INTO `data_rows` VALUES (41, 5, 'detail', 'rich_text_box', 'Detail', 0, 0, 1, 1, 1, 1, '{}', 11);
INSERT INTO `data_rows` VALUES (42, 5, 'image', 'image', 'Image', 0, 1, 1, 1, 1, 1, '{}', 12);
INSERT INTO `data_rows` VALUES (43, 5, 'gallery', 'multiple_images', 'Gallery', 0, 0, 1, 1, 1, 1, '{}', 13);
INSERT INTO `data_rows` VALUES (44, 5, 'payment_link', 'text', 'Payment Link', 0, 0, 1, 1, 1, 1, '{}', 14);
INSERT INTO `data_rows` VALUES (45, 5, 'status', 'select_dropdown', 'Status', 1, 1, 1, 1, 1, 1, '{\"default\":\"DRAFT\",\"options\":{\"PUBLISHED\":\"Published\",\"DRAFT\":\"Draft\"}}', 15);
INSERT INTO `data_rows` VALUES (46, 5, 'created_at', 'timestamp', 'Created At', 0, 1, 0, 0, 0, 0, '{}', 16);
INSERT INTO `data_rows` VALUES (47, 5, 'updated_at', 'timestamp', 'Updated At', 0, 0, 0, 0, 0, 0, '{}', 17);
INSERT INTO `data_rows` VALUES (48, 5, 'deleted_at', 'timestamp', 'Deleted At', 0, 0, 0, 0, 0, 0, '{}', 18);

-- ----------------------------
-- Table structure for data_types
-- ----------------------------
DROP TABLE IF EXISTS `data_types`;
CREATE TABLE `data_types`  (
  `id` int(10) UNSIGNED NOT NULL AUTO_INCREMENT,
  `name` varchar(255) CHARACTER SET utf8mb4 COLLATE utf8mb4_unicode_ci NOT NULL,
  `slug` varchar(255) CHARACTER SET utf8mb4 COLLATE utf8mb4_unicode_ci NOT NULL,
  `display_name_singular` varchar(255) CHARACTER SET utf8mb4 COLLATE utf8mb4_unicode_ci NOT NULL,
  `display_name_plural` varchar(255) CHARACTER SET utf8mb4 COLLATE utf8mb4_unicode_ci NOT NULL,
  `icon` varchar(255) CHARACTER SET utf8mb4 COLLATE utf8mb4_unicode_ci NULL DEFAULT NULL,
  `model_name` varchar(255) CHARACTER SET utf8mb4 COLLATE utf8mb4_unicode_ci NULL DEFAULT NULL,
  `policy_name` varchar(255) CHARACTER SET utf8mb4 COLLATE utf8mb4_unicode_ci NULL DEFAULT NULL,
  `controller` varchar(255) CHARACTER SET utf8mb4 COLLATE utf8mb4_unicode_ci NULL DEFAULT NULL,
  `description` varchar(255) CHARACTER SET utf8mb4 COLLATE utf8mb4_unicode_ci NULL DEFAULT NULL,
  `generate_permissions` tinyint(1) NOT NULL DEFAULT 0,
  `server_side` tinyint(4) NOT NULL DEFAULT 0,
  `details` text CHARACTER SET utf8mb4 COLLATE utf8mb4_unicode_ci NULL,
  `created_at` timestamp(0) NULL DEFAULT NULL,
  `updated_at` timestamp(0) NULL DEFAULT NULL,
  PRIMARY KEY (`id`) USING BTREE,
  UNIQUE INDEX `data_types_name_unique`(`name`) USING BTREE,
  UNIQUE INDEX `data_types_slug_unique`(`slug`) USING BTREE
) ENGINE = InnoDB AUTO_INCREMENT = 6 CHARACTER SET = utf8mb4 COLLATE = utf8mb4_unicode_ci ROW_FORMAT = Dynamic;

-- ----------------------------
-- Records of data_types
-- ----------------------------
INSERT INTO `data_types` VALUES (1, 'users', 'users', 'User', 'Users', 'voyager-person', 'TCG\\Voyager\\Models\\User', 'TCG\\Voyager\\Policies\\UserPolicy', 'TCG\\Voyager\\Http\\Controllers\\VoyagerUserController', '', 1, 0, NULL, '2023-08-02 03:53:38', '2023-08-02 03:53:38');
INSERT INTO `data_types` VALUES (2, 'menus', 'menus', 'Menu', 'Menus', 'voyager-list', 'TCG\\Voyager\\Models\\Menu', NULL, '', '', 1, 0, NULL, '2023-08-02 03:53:38', '2023-08-02 03:53:38');
INSERT INTO `data_types` VALUES (3, 'roles', 'roles', 'Role', 'Roles', 'voyager-lock', 'TCG\\Voyager\\Models\\Role', NULL, 'TCG\\Voyager\\Http\\Controllers\\VoyagerRoleController', '', 1, 0, NULL, '2023-08-02 03:53:38', '2023-08-02 03:53:38');
INSERT INTO `data_types` VALUES (4, 'categories', 'categories', 'Category', 'Categories', 'voyager-pie-chart', 'App\\Models\\Category', NULL, NULL, NULL, 1, 1, '{\"order_column\":\"order\",\"order_display_column\":\"name\",\"order_direction\":\"asc\",\"default_search_key\":null,\"scope\":null}', '2023-08-02 05:08:35', '2023-08-02 05:15:40');
INSERT INTO `data_types` VALUES (5, 'products', 'products', 'Product', 'Products', 'voyager-folder', 'App\\Models\\Product', NULL, NULL, NULL, 1, 1, '{\"order_column\":null,\"order_display_column\":null,\"order_direction\":\"asc\",\"default_search_key\":null}', '2023-08-02 05:20:55', '2023-08-02 05:20:55');

-- ----------------------------
-- Table structure for failed_jobs
-- ----------------------------
DROP TABLE IF EXISTS `failed_jobs`;
CREATE TABLE `failed_jobs`  (
  `id` bigint(20) UNSIGNED NOT NULL AUTO_INCREMENT,
  `uuid` varchar(255) CHARACTER SET utf8mb4 COLLATE utf8mb4_unicode_ci NOT NULL,
  `connection` text CHARACTER SET utf8mb4 COLLATE utf8mb4_unicode_ci NOT NULL,
  `queue` text CHARACTER SET utf8mb4 COLLATE utf8mb4_unicode_ci NOT NULL,
  `payload` longtext CHARACTER SET utf8mb4 COLLATE utf8mb4_unicode_ci NOT NULL,
  `exception` longtext CHARACTER SET utf8mb4 COLLATE utf8mb4_unicode_ci NOT NULL,
  `failed_at` timestamp(0) NOT NULL DEFAULT CURRENT_TIMESTAMP(0),
  PRIMARY KEY (`id`) USING BTREE,
  UNIQUE INDEX `failed_jobs_uuid_unique`(`uuid`) USING BTREE
) ENGINE = InnoDB AUTO_INCREMENT = 1 CHARACTER SET = utf8mb4 COLLATE = utf8mb4_unicode_ci ROW_FORMAT = Dynamic;

-- ----------------------------
-- Table structure for menu_items
-- ----------------------------
DROP TABLE IF EXISTS `menu_items`;
CREATE TABLE `menu_items`  (
  `id` int(10) UNSIGNED NOT NULL AUTO_INCREMENT,
  `menu_id` int(10) UNSIGNED NULL DEFAULT NULL,
  `title` varchar(255) CHARACTER SET utf8mb4 COLLATE utf8mb4_unicode_ci NOT NULL,
  `url` varchar(255) CHARACTER SET utf8mb4 COLLATE utf8mb4_unicode_ci NOT NULL,
  `target` varchar(255) CHARACTER SET utf8mb4 COLLATE utf8mb4_unicode_ci NOT NULL DEFAULT '_self',
  `icon_class` varchar(255) CHARACTER SET utf8mb4 COLLATE utf8mb4_unicode_ci NULL DEFAULT NULL,
  `color` varchar(255) CHARACTER SET utf8mb4 COLLATE utf8mb4_unicode_ci NULL DEFAULT NULL,
  `parent_id` int(11) NULL DEFAULT NULL,
  `order` int(11) NOT NULL,
  `created_at` timestamp(0) NULL DEFAULT NULL,
  `updated_at` timestamp(0) NULL DEFAULT NULL,
  `route` varchar(255) CHARACTER SET utf8mb4 COLLATE utf8mb4_unicode_ci NULL DEFAULT NULL,
  `parameters` text CHARACTER SET utf8mb4 COLLATE utf8mb4_unicode_ci NULL,
  PRIMARY KEY (`id`) USING BTREE,
  INDEX `menu_items_menu_id_foreign`(`menu_id`) USING BTREE,
  CONSTRAINT `menu_items_menu_id_foreign` FOREIGN KEY (`menu_id`) REFERENCES `menus` (`id`) ON DELETE CASCADE ON UPDATE RESTRICT
) ENGINE = InnoDB AUTO_INCREMENT = 13 CHARACTER SET = utf8mb4 COLLATE = utf8mb4_unicode_ci ROW_FORMAT = Dynamic;

-- ----------------------------
-- Records of menu_items
-- ----------------------------
INSERT INTO `menu_items` VALUES (1, 1, 'Dashboard', '', '_self', 'voyager-boat', NULL, NULL, 1, '2023-08-02 03:53:39', '2023-08-02 03:53:39', 'voyager.dashboard', NULL);
INSERT INTO `menu_items` VALUES (2, 1, 'Media', '', '_self', 'voyager-images', NULL, NULL, 6, '2023-08-02 03:53:39', '2023-08-02 05:21:09', 'voyager.media.index', NULL);
INSERT INTO `menu_items` VALUES (3, 1, 'Users', '', '_self', 'voyager-person', NULL, NULL, 3, '2023-08-02 03:53:39', '2023-08-02 03:53:39', 'voyager.users.index', NULL);
INSERT INTO `menu_items` VALUES (4, 1, 'Roles', '', '_self', 'voyager-lock', NULL, NULL, 2, '2023-08-02 03:53:39', '2023-08-02 03:53:39', 'voyager.roles.index', NULL);
INSERT INTO `menu_items` VALUES (5, 1, 'Tools', '', '_self', 'voyager-tools', NULL, NULL, 7, '2023-08-02 03:53:39', '2023-08-02 05:21:06', NULL, NULL);
INSERT INTO `menu_items` VALUES (6, 1, 'Menu Builder', '', '_self', 'voyager-list', NULL, 5, 1, '2023-08-02 03:53:39', '2023-08-02 05:10:32', 'voyager.menus.index', NULL);
INSERT INTO `menu_items` VALUES (7, 1, 'Database', '', '_self', 'voyager-data', NULL, 5, 2, '2023-08-02 03:53:39', '2023-08-02 05:10:32', 'voyager.database.index', NULL);
INSERT INTO `menu_items` VALUES (8, 1, 'Compass', '', '_self', 'voyager-compass', NULL, 5, 3, '2023-08-02 03:53:39', '2023-08-02 05:10:32', 'voyager.compass.index', NULL);
INSERT INTO `menu_items` VALUES (9, 1, 'BREAD', '', '_self', 'voyager-bread', NULL, 5, 4, '2023-08-02 03:53:39', '2023-08-02 05:10:32', 'voyager.bread.index', NULL);
INSERT INTO `menu_items` VALUES (10, 1, 'Settings', '', '_self', 'voyager-settings', NULL, NULL, 8, '2023-08-02 03:53:39', '2023-08-02 05:21:06', 'voyager.settings.index', NULL);
INSERT INTO `menu_items` VALUES (11, 1, 'Categories', '', '_self', 'voyager-pie-chart', NULL, NULL, 4, '2023-08-02 05:08:35', '2023-08-02 05:10:32', 'voyager.categories.index', NULL);
INSERT INTO `menu_items` VALUES (12, 1, 'Products', '', '_self', 'voyager-folder', NULL, NULL, 5, '2023-08-02 05:20:55', '2023-08-02 05:21:09', 'voyager.products.index', NULL);

-- ----------------------------
-- Table structure for menus
-- ----------------------------
DROP TABLE IF EXISTS `menus`;
CREATE TABLE `menus`  (
  `id` int(10) UNSIGNED NOT NULL AUTO_INCREMENT,
  `name` varchar(255) CHARACTER SET utf8mb4 COLLATE utf8mb4_unicode_ci NOT NULL,
  `created_at` timestamp(0) NULL DEFAULT NULL,
  `updated_at` timestamp(0) NULL DEFAULT NULL,
  PRIMARY KEY (`id`) USING BTREE,
  UNIQUE INDEX `menus_name_unique`(`name`) USING BTREE
) ENGINE = InnoDB AUTO_INCREMENT = 2 CHARACTER SET = utf8mb4 COLLATE = utf8mb4_unicode_ci ROW_FORMAT = Dynamic;

-- ----------------------------
-- Records of menus
-- ----------------------------
INSERT INTO `menus` VALUES (1, 'admin', '2023-08-02 03:53:39', '2023-08-02 03:53:39');

-- ----------------------------
-- Table structure for migrations
-- ----------------------------
DROP TABLE IF EXISTS `migrations`;
CREATE TABLE `migrations`  (
  `id` int(10) UNSIGNED NOT NULL AUTO_INCREMENT,
  `migration` varchar(255) CHARACTER SET utf8mb4 COLLATE utf8mb4_unicode_ci NOT NULL,
  `batch` int(11) NOT NULL,
  PRIMARY KEY (`id`) USING BTREE
) ENGINE = InnoDB AUTO_INCREMENT = 27 CHARACTER SET = utf8mb4 COLLATE = utf8mb4_unicode_ci ROW_FORMAT = Dynamic;

-- ----------------------------
-- Records of migrations
-- ----------------------------
INSERT INTO `migrations` VALUES (1, '2014_10_12_000000_create_users_table', 1);
INSERT INTO `migrations` VALUES (2, '2014_10_12_100000_create_password_resets_table', 1);
INSERT INTO `migrations` VALUES (3, '2016_01_01_000000_add_voyager_user_fields', 1);
INSERT INTO `migrations` VALUES (4, '2016_01_01_000000_create_data_types_table', 1);
INSERT INTO `migrations` VALUES (5, '2016_05_19_173453_create_menu_table', 1);
INSERT INTO `migrations` VALUES (6, '2016_10_21_190000_create_roles_table', 1);
INSERT INTO `migrations` VALUES (7, '2016_10_21_190000_create_settings_table', 1);
INSERT INTO `migrations` VALUES (8, '2016_11_30_135954_create_permission_table', 1);
INSERT INTO `migrations` VALUES (9, '2016_11_30_141208_create_permission_role_table', 1);
INSERT INTO `migrations` VALUES (10, '2016_12_26_201236_data_types__add__server_side', 1);
INSERT INTO `migrations` VALUES (11, '2017_01_13_000000_add_route_to_menu_items_table', 1);
INSERT INTO `migrations` VALUES (12, '2017_01_14_005015_create_translations_table', 1);
INSERT INTO `migrations` VALUES (13, '2017_01_15_000000_make_table_name_nullable_in_permissions_table', 1);
INSERT INTO `migrations` VALUES (14, '2017_03_06_000000_add_controller_to_data_types_table', 1);
INSERT INTO `migrations` VALUES (15, '2017_04_21_000000_add_order_to_data_rows_table', 1);
INSERT INTO `migrations` VALUES (16, '2017_07_05_210000_add_policyname_to_data_types_table', 1);
INSERT INTO `migrations` VALUES (17, '2017_08_05_000000_add_group_to_settings_table', 1);
INSERT INTO `migrations` VALUES (18, '2017_11_26_013050_add_user_role_relationship', 1);
INSERT INTO `migrations` VALUES (19, '2017_11_26_015000_create_user_roles_table', 1);
INSERT INTO `migrations` VALUES (20, '2018_03_11_000000_add_user_settings', 1);
INSERT INTO `migrations` VALUES (21, '2018_03_14_000000_add_details_to_data_types_table', 1);
INSERT INTO `migrations` VALUES (22, '2018_03_16_000000_make_settings_value_nullable', 1);
INSERT INTO `migrations` VALUES (23, '2019_08_19_000000_create_failed_jobs_table', 1);
INSERT INTO `migrations` VALUES (24, '2019_12_14_000001_create_personal_access_tokens_table', 1);
INSERT INTO `migrations` VALUES (25, '2023_08_02_045351_create_products_table', 2);
INSERT INTO `migrations` VALUES (26, '2023_08_02_045840_create_categories_table', 3);

-- ----------------------------
-- Table structure for password_resets
-- ----------------------------
DROP TABLE IF EXISTS `password_resets`;
CREATE TABLE `password_resets`  (
  `email` varchar(255) CHARACTER SET utf8mb4 COLLATE utf8mb4_unicode_ci NOT NULL,
  `token` varchar(255) CHARACTER SET utf8mb4 COLLATE utf8mb4_unicode_ci NOT NULL,
  `created_at` timestamp(0) NULL DEFAULT NULL,
  INDEX `password_resets_email_index`(`email`) USING BTREE
) ENGINE = InnoDB CHARACTER SET = utf8mb4 COLLATE = utf8mb4_unicode_ci ROW_FORMAT = Dynamic;

-- ----------------------------
-- Table structure for permission_role
-- ----------------------------
DROP TABLE IF EXISTS `permission_role`;
CREATE TABLE `permission_role`  (
  `permission_id` bigint(20) UNSIGNED NOT NULL,
  `role_id` bigint(20) UNSIGNED NOT NULL,
  PRIMARY KEY (`permission_id`, `role_id`) USING BTREE,
  INDEX `permission_role_permission_id_index`(`permission_id`) USING BTREE,
  INDEX `permission_role_role_id_index`(`role_id`) USING BTREE,
  CONSTRAINT `permission_role_permission_id_foreign` FOREIGN KEY (`permission_id`) REFERENCES `permissions` (`id`) ON DELETE CASCADE ON UPDATE RESTRICT,
  CONSTRAINT `permission_role_role_id_foreign` FOREIGN KEY (`role_id`) REFERENCES `roles` (`id`) ON DELETE CASCADE ON UPDATE RESTRICT
) ENGINE = InnoDB CHARACTER SET = utf8mb4 COLLATE = utf8mb4_unicode_ci ROW_FORMAT = Dynamic;

-- ----------------------------
-- Records of permission_role
-- ----------------------------
INSERT INTO `permission_role` VALUES (1, 1);
INSERT INTO `permission_role` VALUES (2, 1);
INSERT INTO `permission_role` VALUES (3, 1);
INSERT INTO `permission_role` VALUES (4, 1);
INSERT INTO `permission_role` VALUES (5, 1);
INSERT INTO `permission_role` VALUES (6, 1);
INSERT INTO `permission_role` VALUES (7, 1);
INSERT INTO `permission_role` VALUES (8, 1);
INSERT INTO `permission_role` VALUES (9, 1);
INSERT INTO `permission_role` VALUES (10, 1);
INSERT INTO `permission_role` VALUES (11, 1);
INSERT INTO `permission_role` VALUES (12, 1);
INSERT INTO `permission_role` VALUES (13, 1);
INSERT INTO `permission_role` VALUES (14, 1);
INSERT INTO `permission_role` VALUES (15, 1);
INSERT INTO `permission_role` VALUES (16, 1);
INSERT INTO `permission_role` VALUES (17, 1);
INSERT INTO `permission_role` VALUES (18, 1);
INSERT INTO `permission_role` VALUES (19, 1);
INSERT INTO `permission_role` VALUES (20, 1);
INSERT INTO `permission_role` VALUES (21, 1);
INSERT INTO `permission_role` VALUES (22, 1);
INSERT INTO `permission_role` VALUES (23, 1);
INSERT INTO `permission_role` VALUES (24, 1);
INSERT INTO `permission_role` VALUES (25, 1);
INSERT INTO `permission_role` VALUES (26, 1);
INSERT INTO `permission_role` VALUES (27, 1);
INSERT INTO `permission_role` VALUES (28, 1);
INSERT INTO `permission_role` VALUES (29, 1);
INSERT INTO `permission_role` VALUES (30, 1);
INSERT INTO `permission_role` VALUES (31, 1);
INSERT INTO `permission_role` VALUES (32, 1);
INSERT INTO `permission_role` VALUES (33, 1);
INSERT INTO `permission_role` VALUES (34, 1);
INSERT INTO `permission_role` VALUES (35, 1);

-- ----------------------------
-- Table structure for permissions
-- ----------------------------
DROP TABLE IF EXISTS `permissions`;
CREATE TABLE `permissions`  (
  `id` bigint(20) UNSIGNED NOT NULL AUTO_INCREMENT,
  `key` varchar(255) CHARACTER SET utf8mb4 COLLATE utf8mb4_unicode_ci NOT NULL,
  `table_name` varchar(255) CHARACTER SET utf8mb4 COLLATE utf8mb4_unicode_ci NULL DEFAULT NULL,
  `created_at` timestamp(0) NULL DEFAULT NULL,
  `updated_at` timestamp(0) NULL DEFAULT NULL,
  PRIMARY KEY (`id`) USING BTREE,
  INDEX `permissions_key_index`(`key`) USING BTREE
) ENGINE = InnoDB AUTO_INCREMENT = 36 CHARACTER SET = utf8mb4 COLLATE = utf8mb4_unicode_ci ROW_FORMAT = Dynamic;

-- ----------------------------
-- Records of permissions
-- ----------------------------
INSERT INTO `permissions` VALUES (1, 'browse_admin', NULL, '2023-08-02 03:53:39', '2023-08-02 03:53:39');
INSERT INTO `permissions` VALUES (2, 'browse_bread', NULL, '2023-08-02 03:53:39', '2023-08-02 03:53:39');
INSERT INTO `permissions` VALUES (3, 'browse_database', NULL, '2023-08-02 03:53:39', '2023-08-02 03:53:39');
INSERT INTO `permissions` VALUES (4, 'browse_media', NULL, '2023-08-02 03:53:39', '2023-08-02 03:53:39');
INSERT INTO `permissions` VALUES (5, 'browse_compass', NULL, '2023-08-02 03:53:39', '2023-08-02 03:53:39');
INSERT INTO `permissions` VALUES (6, 'browse_menus', 'menus', '2023-08-02 03:53:39', '2023-08-02 03:53:39');
INSERT INTO `permissions` VALUES (7, 'read_menus', 'menus', '2023-08-02 03:53:39', '2023-08-02 03:53:39');
INSERT INTO `permissions` VALUES (8, 'edit_menus', 'menus', '2023-08-02 03:53:39', '2023-08-02 03:53:39');
INSERT INTO `permissions` VALUES (9, 'add_menus', 'menus', '2023-08-02 03:53:39', '2023-08-02 03:53:39');
INSERT INTO `permissions` VALUES (10, 'delete_menus', 'menus', '2023-08-02 03:53:39', '2023-08-02 03:53:39');
INSERT INTO `permissions` VALUES (11, 'browse_roles', 'roles', '2023-08-02 03:53:39', '2023-08-02 03:53:39');
INSERT INTO `permissions` VALUES (12, 'read_roles', 'roles', '2023-08-02 03:53:39', '2023-08-02 03:53:39');
INSERT INTO `permissions` VALUES (13, 'edit_roles', 'roles', '2023-08-02 03:53:39', '2023-08-02 03:53:39');
INSERT INTO `permissions` VALUES (14, 'add_roles', 'roles', '2023-08-02 03:53:39', '2023-08-02 03:53:39');
INSERT INTO `permissions` VALUES (15, 'delete_roles', 'roles', '2023-08-02 03:53:39', '2023-08-02 03:53:39');
INSERT INTO `permissions` VALUES (16, 'browse_users', 'users', '2023-08-02 03:53:39', '2023-08-02 03:53:39');
INSERT INTO `permissions` VALUES (17, 'read_users', 'users', '2023-08-02 03:53:39', '2023-08-02 03:53:39');
INSERT INTO `permissions` VALUES (18, 'edit_users', 'users', '2023-08-02 03:53:39', '2023-08-02 03:53:39');
INSERT INTO `permissions` VALUES (19, 'add_users', 'users', '2023-08-02 03:53:39', '2023-08-02 03:53:39');
INSERT INTO `permissions` VALUES (20, 'delete_users', 'users', '2023-08-02 03:53:39', '2023-08-02 03:53:39');
INSERT INTO `permissions` VALUES (21, 'browse_settings', 'settings', '2023-08-02 03:53:39', '2023-08-02 03:53:39');
INSERT INTO `permissions` VALUES (22, 'read_settings', 'settings', '2023-08-02 03:53:39', '2023-08-02 03:53:39');
INSERT INTO `permissions` VALUES (23, 'edit_settings', 'settings', '2023-08-02 03:53:39', '2023-08-02 03:53:39');
INSERT INTO `permissions` VALUES (24, 'add_settings', 'settings', '2023-08-02 03:53:39', '2023-08-02 03:53:39');
INSERT INTO `permissions` VALUES (25, 'delete_settings', 'settings', '2023-08-02 03:53:39', '2023-08-02 03:53:39');
INSERT INTO `permissions` VALUES (26, 'browse_categories', 'categories', '2023-08-02 05:08:35', '2023-08-02 05:08:35');
INSERT INTO `permissions` VALUES (27, 'read_categories', 'categories', '2023-08-02 05:08:35', '2023-08-02 05:08:35');
INSERT INTO `permissions` VALUES (28, 'edit_categories', 'categories', '2023-08-02 05:08:35', '2023-08-02 05:08:35');
INSERT INTO `permissions` VALUES (29, 'add_categories', 'categories', '2023-08-02 05:08:35', '2023-08-02 05:08:35');
INSERT INTO `permissions` VALUES (30, 'delete_categories', 'categories', '2023-08-02 05:08:35', '2023-08-02 05:08:35');
INSERT INTO `permissions` VALUES (31, 'browse_products', 'products', '2023-08-02 05:20:55', '2023-08-02 05:20:55');
INSERT INTO `permissions` VALUES (32, 'read_products', 'products', '2023-08-02 05:20:55', '2023-08-02 05:20:55');
INSERT INTO `permissions` VALUES (33, 'edit_products', 'products', '2023-08-02 05:20:55', '2023-08-02 05:20:55');
INSERT INTO `permissions` VALUES (34, 'add_products', 'products', '2023-08-02 05:20:55', '2023-08-02 05:20:55');
INSERT INTO `permissions` VALUES (35, 'delete_products', 'products', '2023-08-02 05:20:55', '2023-08-02 05:20:55');

-- ----------------------------
-- Table structure for personal_access_tokens
-- ----------------------------
DROP TABLE IF EXISTS `personal_access_tokens`;
CREATE TABLE `personal_access_tokens`  (
  `id` bigint(20) UNSIGNED NOT NULL AUTO_INCREMENT,
  `tokenable_type` varchar(255) CHARACTER SET utf8mb4 COLLATE utf8mb4_unicode_ci NOT NULL,
  `tokenable_id` bigint(20) UNSIGNED NOT NULL,
  `name` varchar(255) CHARACTER SET utf8mb4 COLLATE utf8mb4_unicode_ci NOT NULL,
  `token` varchar(64) CHARACTER SET utf8mb4 COLLATE utf8mb4_unicode_ci NOT NULL,
  `abilities` text CHARACTER SET utf8mb4 COLLATE utf8mb4_unicode_ci NULL,
  `last_used_at` timestamp(0) NULL DEFAULT NULL,
  `created_at` timestamp(0) NULL DEFAULT NULL,
  `updated_at` timestamp(0) NULL DEFAULT NULL,
  PRIMARY KEY (`id`) USING BTREE,
  UNIQUE INDEX `personal_access_tokens_token_unique`(`token`) USING BTREE,
  INDEX `personal_access_tokens_tokenable_type_tokenable_id_index`(`tokenable_type`, `tokenable_id`) USING BTREE
) ENGINE = InnoDB AUTO_INCREMENT = 1 CHARACTER SET = utf8mb4 COLLATE = utf8mb4_unicode_ci ROW_FORMAT = Dynamic;

-- ----------------------------
-- Table structure for products
-- ----------------------------
DROP TABLE IF EXISTS `products`;
CREATE TABLE `products`  (
  `id` bigint(20) UNSIGNED NOT NULL AUTO_INCREMENT,
  `name` varchar(255) CHARACTER SET utf8mb4 COLLATE utf8mb4_unicode_ci NOT NULL,
  `slug` varchar(255) CHARACTER SET utf8mb4 COLLATE utf8mb4_unicode_ci NOT NULL,
  `seo_title` varchar(255) CHARACTER SET utf8mb4 COLLATE utf8mb4_unicode_ci NOT NULL,
  `meta_description` text CHARACTER SET utf8mb4 COLLATE utf8mb4_unicode_ci NULL,
  `meta_keyword` text CHARACTER SET utf8mb4 COLLATE utf8mb4_unicode_ci NULL,
  `category_id` varchar(255) CHARACTER SET utf8mb4 COLLATE utf8mb4_unicode_ci NULL DEFAULT NULL,
  `price` int(11) NULL DEFAULT NULL,
  `sell_amount` int(11) NULL DEFAULT 0,
  `is_recommended` tinyint(1) NOT NULL DEFAULT 0,
  `detail` longtext CHARACTER SET utf8mb4 COLLATE utf8mb4_unicode_ci NULL,
  `image` varchar(255) CHARACTER SET utf8mb4 COLLATE utf8mb4_unicode_ci NULL DEFAULT NULL,
  `gallery` longtext CHARACTER SET utf8mb4 COLLATE utf8mb4_unicode_ci NULL,
  `payment_link` longtext CHARACTER SET utf8mb4 COLLATE utf8mb4_unicode_ci NULL,
  `status` enum('draft','publish') CHARACTER SET utf8mb4 COLLATE utf8mb4_unicode_ci NOT NULL,
  `created_at` timestamp(0) NULL DEFAULT NULL,
  `updated_at` timestamp(0) NULL DEFAULT NULL,
  `deleted_at` timestamp(0) NULL DEFAULT NULL,
  PRIMARY KEY (`id`) USING BTREE,
  INDEX `products_name_index`(`name`) USING BTREE,
  INDEX `products_slug_index`(`slug`) USING BTREE
) ENGINE = InnoDB AUTO_INCREMENT = 1 CHARACTER SET = utf8mb4 COLLATE = utf8mb4_unicode_ci ROW_FORMAT = Dynamic;

-- ----------------------------
-- Table structure for roles
-- ----------------------------
DROP TABLE IF EXISTS `roles`;
CREATE TABLE `roles`  (
  `id` bigint(20) UNSIGNED NOT NULL AUTO_INCREMENT,
  `name` varchar(255) CHARACTER SET utf8mb4 COLLATE utf8mb4_unicode_ci NOT NULL,
  `display_name` varchar(255) CHARACTER SET utf8mb4 COLLATE utf8mb4_unicode_ci NOT NULL,
  `created_at` timestamp(0) NULL DEFAULT NULL,
  `updated_at` timestamp(0) NULL DEFAULT NULL,
  PRIMARY KEY (`id`) USING BTREE,
  UNIQUE INDEX `roles_name_unique`(`name`) USING BTREE
) ENGINE = InnoDB AUTO_INCREMENT = 3 CHARACTER SET = utf8mb4 COLLATE = utf8mb4_unicode_ci ROW_FORMAT = Dynamic;

-- ----------------------------
-- Records of roles
-- ----------------------------
INSERT INTO `roles` VALUES (1, 'admin', 'Administrator', '2023-08-02 03:53:39', '2023-08-02 03:53:39');
INSERT INTO `roles` VALUES (2, 'user', 'Normal User', '2023-08-02 03:53:39', '2023-08-02 03:53:39');

-- ----------------------------
-- Table structure for settings
-- ----------------------------
DROP TABLE IF EXISTS `settings`;
CREATE TABLE `settings`  (
  `id` int(10) UNSIGNED NOT NULL AUTO_INCREMENT,
  `key` varchar(255) CHARACTER SET utf8mb4 COLLATE utf8mb4_unicode_ci NOT NULL,
  `display_name` varchar(255) CHARACTER SET utf8mb4 COLLATE utf8mb4_unicode_ci NOT NULL,
  `value` text CHARACTER SET utf8mb4 COLLATE utf8mb4_unicode_ci NULL,
  `details` text CHARACTER SET utf8mb4 COLLATE utf8mb4_unicode_ci NULL,
  `type` varchar(255) CHARACTER SET utf8mb4 COLLATE utf8mb4_unicode_ci NOT NULL,
  `order` int(11) NOT NULL DEFAULT 1,
  `group` varchar(255) CHARACTER SET utf8mb4 COLLATE utf8mb4_unicode_ci NULL DEFAULT NULL,
  PRIMARY KEY (`id`) USING BTREE,
  UNIQUE INDEX `settings_key_unique`(`key`) USING BTREE
) ENGINE = InnoDB AUTO_INCREMENT = 11 CHARACTER SET = utf8mb4 COLLATE = utf8mb4_unicode_ci ROW_FORMAT = Dynamic;

-- ----------------------------
-- Records of settings
-- ----------------------------
INSERT INTO `settings` VALUES (1, 'site.title', 'Site Title', 'Site Title', '', 'text', 1, 'Site');
INSERT INTO `settings` VALUES (2, 'site.description', 'Site Description', 'Site Description', '', 'text', 2, 'Site');
INSERT INTO `settings` VALUES (3, 'site.logo', 'Site Logo', '', '', 'image', 3, 'Site');
INSERT INTO `settings` VALUES (4, 'site.google_analytics_tracking_id', 'Google Analytics Tracking ID', '', '', 'text', 4, 'Site');
INSERT INTO `settings` VALUES (5, 'admin.bg_image', 'Admin Background Image', '', '', 'image', 5, 'Admin');
INSERT INTO `settings` VALUES (6, 'admin.title', 'Admin Title', 'Voyager', '', 'text', 1, 'Admin');
INSERT INTO `settings` VALUES (7, 'admin.description', 'Admin Description', 'Welcome to Voyager. The Missing Admin for Laravel', '', 'text', 2, 'Admin');
INSERT INTO `settings` VALUES (8, 'admin.loader', 'Admin Loader', '', '', 'image', 3, 'Admin');
INSERT INTO `settings` VALUES (9, 'admin.icon_image', 'Admin Icon Image', '', '', 'image', 4, 'Admin');
INSERT INTO `settings` VALUES (10, 'admin.google_analytics_client_id', 'Google Analytics Client ID (used for admin dashboard)', '', '', 'text', 1, 'Admin');

-- ----------------------------
-- Table structure for translations
-- ----------------------------
DROP TABLE IF EXISTS `translations`;
CREATE TABLE `translations`  (
  `id` int(10) UNSIGNED NOT NULL AUTO_INCREMENT,
  `table_name` varchar(255) CHARACTER SET utf8mb4 COLLATE utf8mb4_unicode_ci NOT NULL,
  `column_name` varchar(255) CHARACTER SET utf8mb4 COLLATE utf8mb4_unicode_ci NOT NULL,
  `foreign_key` int(10) UNSIGNED NOT NULL,
  `locale` varchar(255) CHARACTER SET utf8mb4 COLLATE utf8mb4_unicode_ci NOT NULL,
  `value` text CHARACTER SET utf8mb4 COLLATE utf8mb4_unicode_ci NOT NULL,
  `created_at` timestamp(0) NULL DEFAULT NULL,
  `updated_at` timestamp(0) NULL DEFAULT NULL,
  PRIMARY KEY (`id`) USING BTREE,
  UNIQUE INDEX `translations_table_name_column_name_foreign_key_locale_unique`(`table_name`, `column_name`, `foreign_key`, `locale`) USING BTREE
) ENGINE = InnoDB AUTO_INCREMENT = 1 CHARACTER SET = utf8mb4 COLLATE = utf8mb4_unicode_ci ROW_FORMAT = Dynamic;

-- ----------------------------
-- Table structure for user_roles
-- ----------------------------
DROP TABLE IF EXISTS `user_roles`;
CREATE TABLE `user_roles`  (
  `user_id` bigint(20) UNSIGNED NOT NULL,
  `role_id` bigint(20) UNSIGNED NOT NULL,
  PRIMARY KEY (`user_id`, `role_id`) USING BTREE,
  INDEX `user_roles_user_id_index`(`user_id`) USING BTREE,
  INDEX `user_roles_role_id_index`(`role_id`) USING BTREE,
  CONSTRAINT `user_roles_role_id_foreign` FOREIGN KEY (`role_id`) REFERENCES `roles` (`id`) ON DELETE CASCADE ON UPDATE RESTRICT,
  CONSTRAINT `user_roles_user_id_foreign` FOREIGN KEY (`user_id`) REFERENCES `users` (`id`) ON DELETE CASCADE ON UPDATE RESTRICT
) ENGINE = InnoDB CHARACTER SET = utf8mb4 COLLATE = utf8mb4_unicode_ci ROW_FORMAT = Dynamic;

-- ----------------------------
-- Table structure for users
-- ----------------------------
DROP TABLE IF EXISTS `users`;
CREATE TABLE `users`  (
  `id` bigint(20) UNSIGNED NOT NULL AUTO_INCREMENT,
  `role_id` bigint(20) UNSIGNED NULL DEFAULT NULL,
  `name` varchar(255) CHARACTER SET utf8mb4 COLLATE utf8mb4_unicode_ci NOT NULL,
  `email` varchar(255) CHARACTER SET utf8mb4 COLLATE utf8mb4_unicode_ci NOT NULL,
  `avatar` varchar(255) CHARACTER SET utf8mb4 COLLATE utf8mb4_unicode_ci NULL DEFAULT 'users/default.png',
  `email_verified_at` timestamp(0) NULL DEFAULT NULL,
  `password` varchar(255) CHARACTER SET utf8mb4 COLLATE utf8mb4_unicode_ci NOT NULL,
  `remember_token` varchar(100) CHARACTER SET utf8mb4 COLLATE utf8mb4_unicode_ci NULL DEFAULT NULL,
  `settings` text CHARACTER SET utf8mb4 COLLATE utf8mb4_unicode_ci NULL,
  `created_at` timestamp(0) NULL DEFAULT NULL,
  `updated_at` timestamp(0) NULL DEFAULT NULL,
  PRIMARY KEY (`id`) USING BTREE,
  UNIQUE INDEX `users_email_unique`(`email`) USING BTREE,
  INDEX `users_role_id_foreign`(`role_id`) USING BTREE,
  CONSTRAINT `users_role_id_foreign` FOREIGN KEY (`role_id`) REFERENCES `roles` (`id`) ON DELETE RESTRICT ON UPDATE RESTRICT
) ENGINE = InnoDB AUTO_INCREMENT = 2 CHARACTER SET = utf8mb4 COLLATE = utf8mb4_unicode_ci ROW_FORMAT = Dynamic;

-- ----------------------------
-- Records of users
-- ----------------------------
INSERT INTO `users` VALUES (1, 1, 'Admin', 'admin@superadmin.com', 'users/default.png', NULL, '$2y$10$mcxnYYZktLU2irYGrHxfiOzjKp2gHZ3u3ZZ8wLccSg5tzjhG04ehq', NULL, NULL, '2023-08-02 03:54:15', '2023-08-02 03:54:15');

SET FOREIGN_KEY_CHECKS = 1;
